[
  {
    "id": "43e9725a-f47d-4b3d-84e4-7c87e118237b",
    "data": [
      {
        "text": "S",
        "userDefined": false
      }
    ],
    "isTemplate": false,
    "count": 0,
    "lang": "en",
    "updated": 0
  },
  {
    "id": "43f0f10d-af1b-43e2-9255-cba8e1da6b78",
    "data": [
      {
        "text": "XXL",
        "meta": "@shirt-size",
        "alias": "shirt-size",
        "userDefined": false
      }
    ],
    "isTemplate": false,
    "count": 0,
    "lang": "en",
    "updated": 0
  },
  {
    "id": "777fcabb-0051-4126-9a12-493f143a7dd9",
    "data": [
      {
        "text": "L",
        "meta": "@shirt-size",
        "alias": "shirt-size",
        "userDefined": false
      }
    ],
    "isTemplate": false,
    "count": 0,
    "lang": "en",
    "updated": 0
  },
  {
    "id": "7f5a875c-b908-4f3b-8cb1-37abb9d1cdd7",
    "data": [
      {
        "text": "M",
        "userDefined": false
      }
    ],
    "isTemplate": false,
    "count": 0,
    "lang": "en",
    "updated": 0
  },
  {
    "id": "b1b582c4-5855-4a24-a496-026ad0702ad5",
    "data": [
      {
        "text": "XS",
        "meta": "@shirt-size",
        "alias": "shirt-size",
        "userDefined": false
      }
    ],
    "isTemplate": false,
    "count": 0,
    "lang": "en",
    "updated": 0
  },
  {
    "id": "54386aff-6ace-4804-b6cd-0ff6dedd6cc2",
    "data": [
      {
        "text": "XL",
        "meta": "@shirt-size",
        "alias": "shirt-size",
        "userDefined": false
      }
    ],
    "isTemplate": false,
    "count": 0,
    "lang": "en",
    "updated": 0
  }
]