[
  {
    "value": "Extra Extra Large",
    "synonyms": [
      "XXL",
      "extra extra large",
      "double XL",
      "two X",
      "double X"
    ]
  },
  {
    "value": "Small",
    "synonyms": [
      "S",
      "small"
    ]
  },
  {
    "value": "Large",
    "synonyms": [
      "L",
      "large"
    ]
  },
  {
    "value": "Medium",
    "synonyms": [
      "M",
      "medium"
    ]
  },
  {
    "value": "Extra Small",
    "synonyms": [
      "XS",
      "extra small"
    ]
  },
  {
    "value": "Extra Large",
    "synonyms": [
      "XL",
      "extra large"
    ]
  }
]